<?xml version="1.0" encoding="UTF-8"?>
<project-private xmlns="http://www.netbeans.org/ns/project-private/1">
    <editor-bookmarks xmlns="http://www.netbeans.org/ns/editor-bookmarks/2" lastBookmarkId="0"/>
    <open-files xmlns="http://www.netbeans.org/ns/projectui-open-files/2">
        <group>
            <file>file:/C:/Users/shail/Desktop/IceTask1_ST10306742/src/icetask1_st10306742/Reptile.java</file>
            <file>file:/C:/Users/shail/Desktop/IceTask1_ST10306742/src/icetask1_st10306742/Bird.java</file>
            <file>file:/C:/Users/shail/Desktop/IceTask1_ST10306742/src/icetask1_st10306742/IceTask1_ST10306742.java</file>
            <file>file:/C:/Users/shail/Desktop/IceTask1_ST10306742/src/icetask1_st10306742/Animal.java</file>
        </group>
    </open-files>
</project-private>
